image_path,label
C:\Users\prova\OneDrive\Desktop\Spring2024\ML_PNW\Cherry 2\105_100.jpg,Cherry 2
C:\Users\prova\OneDrive\Desktop\Spring2024\ML_PNW\Cherry 2\106_100.jpg,Cherry 2
C:\Users\prova\OneDrive\Desktop\Spring2024\ML_PNW\Cherry 2\107_100.jpg,Cherry 2
C:\Users\prova\OneDrive\Desktop\Spring2024\ML_PNW\Cherry 2\108_100.jpg,Cherry 2
C:\Users\prova\OneDrive\Desktop\Spring2024\ML_PNW\Cherry 2\109_100.jpg,Cherry 2
C:\Users\prova\OneDrive\Desktop\Spring2024\ML_PNW\Cherry 2\10_100.jpg,Cherry 2
C:\Users\prova\OneDrive\Desktop\Spring2024\ML_PNW\Cherry 2\110_100.jpg,Cherry 2
C:\Users\prova\OneDrive\Desktop\Spring2024\ML_PNW\Cherry 2\111_100.jpg,Cherry 2
C:\Users\prova\OneDrive\Desktop\Spring2024\ML_PNW\Cherry 2\112_100.jpg,Cherry 2
C:\Users\prova\OneDrive\Desktop\Spring2024\ML_PNW\Cherry 2\113_100.jpg,Cherry 2
C:\Users\prova\OneDrive\Desktop\Spring2024\ML_PNW\Cherry 2\114_100.jpg,Cherry 2
C:\Users\prova\OneDrive\Desktop\Spring2024\ML_PNW\Cherry 2\115_100.jpg,Cherry 2
C:\Users\prova\OneDrive\Desktop\Spring2024\ML_PNW\Cherry 2\116_100.jpg,Cherry 2
C:\Users\prova\OneDrive\Desktop\Spring2024\ML_PNW\Cherry 2\117_100.jpg,Cherry 2
C:\Users\prova\OneDrive\Desktop\Spring2024\ML_PNW\Cherry 2\118_100.jpg,Cherry 2
C:\Users\prova\OneDrive\Desktop\Spring2024\ML_PNW\Cherry 2\119_100.jpg,Cherry 2
C:\Users\prova\OneDrive\Desktop\Spring2024\ML_PNW\Cherry 2\11_100.jpg,Cherry 2
C:\Users\prova\OneDrive\Desktop\Spring2024\ML_PNW\Cherry 2\120_100.jpg,Cherry 2
C:\Users\prova\OneDrive\Desktop\Spring2024\ML_PNW\Cherry 2\121_100.jpg,Cherry 2
C:\Users\prova\OneDrive\Desktop\Spring2024\ML_PNW\Cherry 2\122_100.jpg,Cherry 2
C:\Users\prova\OneDrive\Desktop\Spring2024\ML_PNW\Cherry 2\123_100.jpg,Cherry 2
C:\Users\prova\OneDrive\Desktop\Spring2024\ML_PNW\Cherry 2\124_100.jpg,Cherry 2
C:\Users\prova\OneDrive\Desktop\Spring2024\ML_PNW\Cherry 2\125_100.jpg,Cherry 2
C:\Users\prova\OneDrive\Desktop\Spring2024\ML_PNW\Cherry 2\126_100.jpg,Cherry 2
C:\Users\prova\OneDrive\Desktop\Spring2024\ML_PNW\Cherry 2\127_100.jpg,Cherry 2
C:\Users\prova\OneDrive\Desktop\Spring2024\ML_PNW\Cherry 2\128_100.jpg,Cherry 2
C:\Users\prova\OneDrive\Desktop\Spring2024\ML_PNW\Cherry 2\129_100.jpg,Cherry 2
C:\Users\prova\OneDrive\Desktop\Spring2024\ML_PNW\Cherry 2\12_100.jpg,Cherry 2
C:\Users\prova\OneDrive\Desktop\Spring2024\ML_PNW\Cherry 2\130_100.jpg,Cherry 2
C:\Users\prova\OneDrive\Desktop\Spring2024\ML_PNW\Cherry 2\131_100.jpg,Cherry 2
C:\Users\prova\OneDrive\Desktop\Spring2024\ML_PNW\Cherry 2\132_100.jpg,Cherry 2
C:\Users\prova\OneDrive\Desktop\Spring2024\ML_PNW\Cherry 2\133_100.jpg,Cherry 2
C:\Users\prova\OneDrive\Desktop\Spring2024\ML_PNW\Cherry 2\134_100.jpg,Cherry 2
C:\Users\prova\OneDrive\Desktop\Spring2024\ML_PNW\Cherry 2\135_100.jpg,Cherry 2
C:\Users\prova\OneDrive\Desktop\Spring2024\ML_PNW\Cherry 2\136_100.jpg,Cherry 2
C:\Users\prova\OneDrive\Desktop\Spring2024\ML_PNW\Cherry 2\137_100.jpg,Cherry 2
C:\Users\prova\OneDrive\Desktop\Spring2024\ML_PNW\Cherry 2\138_100.jpg,Cherry 2
C:\Users\prova\OneDrive\Desktop\Spring2024\ML_PNW\Cherry 2\139_100.jpg,Cherry 2
C:\Users\prova\OneDrive\Desktop\Spring2024\ML_PNW\Cherry 2\13_100.jpg,Cherry 2
C:\Users\prova\OneDrive\Desktop\Spring2024\ML_PNW\Cherry 2\140_100.jpg,Cherry 2
C:\Users\prova\OneDrive\Desktop\Spring2024\ML_PNW\Cherry 2\141_100.jpg,Cherry 2
C:\Users\prova\OneDrive\Desktop\Spring2024\ML_PNW\Cherry 2\142_100.jpg,Cherry 2
C:\Users\prova\OneDrive\Desktop\Spring2024\ML_PNW\Cherry 2\143_100.jpg,Cherry 2
C:\Users\prova\OneDrive\Desktop\Spring2024\ML_PNW\Cherry 2\144_100.jpg,Cherry 2
C:\Users\prova\OneDrive\Desktop\Spring2024\ML_PNW\Cherry 2\145_100.jpg,Cherry 2
C:\Users\prova\OneDrive\Desktop\Spring2024\ML_PNW\Cherry 2\146_100.jpg,Cherry 2
C:\Users\prova\OneDrive\Desktop\Spring2024\ML_PNW\Cherry 2\147_100.jpg,Cherry 2
C:\Users\prova\OneDrive\Desktop\Spring2024\ML_PNW\Cherry 2\148_100.jpg,Cherry 2
C:\Users\prova\OneDrive\Desktop\Spring2024\ML_PNW\Cherry 2\149_100.jpg,Cherry 2
C:\Users\prova\OneDrive\Desktop\Spring2024\ML_PNW\Cherry 2\14_100.jpg,Cherry 2
C:\Users\prova\OneDrive\Desktop\Spring2024\ML_PNW\Cherry 2\150_100.jpg,Cherry 2
C:\Users\prova\OneDrive\Desktop\Spring2024\ML_PNW\Cherry 2\151_100.jpg,Cherry 2
C:\Users\prova\OneDrive\Desktop\Spring2024\ML_PNW\Cherry 2\152_100.jpg,Cherry 2
C:\Users\prova\OneDrive\Desktop\Spring2024\ML_PNW\Cherry 2\153_100.jpg,Cherry 2
C:\Users\prova\OneDrive\Desktop\Spring2024\ML_PNW\Cherry 2\154_100.jpg,Cherry 2
C:\Users\prova\OneDrive\Desktop\Spring2024\ML_PNW\Cherry 2\155_100.jpg,Cherry 2
C:\Users\prova\OneDrive\Desktop\Spring2024\ML_PNW\Cherry 2\156_100.jpg,Cherry 2
C:\Users\prova\OneDrive\Desktop\Spring2024\ML_PNW\Cherry 2\157_100.jpg,Cherry 2
C:\Users\prova\OneDrive\Desktop\Spring2024\ML_PNW\Cherry 2\158_100.jpg,Cherry 2
C:\Users\prova\OneDrive\Desktop\Spring2024\ML_PNW\Cherry 2\159_100.jpg,Cherry 2
C:\Users\prova\OneDrive\Desktop\Spring2024\ML_PNW\Cherry 2\15_100.jpg,Cherry 2
C:\Users\prova\OneDrive\Desktop\Spring2024\ML_PNW\Cherry 2\160_100.jpg,Cherry 2
C:\Users\prova\OneDrive\Desktop\Spring2024\ML_PNW\Cherry 2\161_100.jpg,Cherry 2
C:\Users\prova\OneDrive\Desktop\Spring2024\ML_PNW\Cherry 2\162_100.jpg,Cherry 2
C:\Users\prova\OneDrive\Desktop\Spring2024\ML_PNW\Cherry 2\163_100.jpg,Cherry 2
C:\Users\prova\OneDrive\Desktop\Spring2024\ML_PNW\Cherry 2\164_100.jpg,Cherry 2
C:\Users\prova\OneDrive\Desktop\Spring2024\ML_PNW\Cherry 2\165_100.jpg,Cherry 2
C:\Users\prova\OneDrive\Desktop\Spring2024\ML_PNW\Cherry 2\166_100.jpg,Cherry 2
C:\Users\prova\OneDrive\Desktop\Spring2024\ML_PNW\Cherry 2\167_100.jpg,Cherry 2
C:\Users\prova\OneDrive\Desktop\Spring2024\ML_PNW\Cherry 2\168_100.jpg,Cherry 2
C:\Users\prova\OneDrive\Desktop\Spring2024\ML_PNW\Cherry 2\169_100.jpg,Cherry 2
C:\Users\prova\OneDrive\Desktop\Spring2024\ML_PNW\Cherry 2\16_100.jpg,Cherry 2
C:\Users\prova\OneDrive\Desktop\Spring2024\ML_PNW\Cherry 2\170_100.jpg,Cherry 2
C:\Users\prova\OneDrive\Desktop\Spring2024\ML_PNW\Cherry 2\171_100.jpg,Cherry 2
C:\Users\prova\OneDrive\Desktop\Spring2024\ML_PNW\Cherry 2\172_100.jpg,Cherry 2
C:\Users\prova\OneDrive\Desktop\Spring2024\ML_PNW\Cherry 2\173_100.jpg,Cherry 2
C:\Users\prova\OneDrive\Desktop\Spring2024\ML_PNW\Cherry 2\174_100.jpg,Cherry 2
C:\Users\prova\OneDrive\Desktop\Spring2024\ML_PNW\Cherry 2\175_100.jpg,Cherry 2
C:\Users\prova\OneDrive\Desktop\Spring2024\ML_PNW\Cherry 2\176_100.jpg,Cherry 2
C:\Users\prova\OneDrive\Desktop\Spring2024\ML_PNW\Cherry 2\177_100.jpg,Cherry 2
C:\Users\prova\OneDrive\Desktop\Spring2024\ML_PNW\Cherry 2\178_100.jpg,Cherry 2
C:\Users\prova\OneDrive\Desktop\Spring2024\ML_PNW\Cherry 2\179_100.jpg,Cherry 2
C:\Users\prova\OneDrive\Desktop\Spring2024\ML_PNW\Cherry 2\180_100.jpg,Cherry 2
C:\Users\prova\OneDrive\Desktop\Spring2024\ML_PNW\Cherry 2\181_100.jpg,Cherry 2
C:\Users\prova\OneDrive\Desktop\Spring2024\ML_PNW\Cherry 2\182_100.jpg,Cherry 2
C:\Users\prova\OneDrive\Desktop\Spring2024\ML_PNW\Cherry 2\183_100.jpg,Cherry 2
C:\Users\prova\OneDrive\Desktop\Spring2024\ML_PNW\Cherry 2\184_100.jpg,Cherry 2
C:\Users\prova\OneDrive\Desktop\Spring2024\ML_PNW\Cherry 2\185_100.jpg,Cherry 2
C:\Users\prova\OneDrive\Desktop\Spring2024\ML_PNW\Cherry 2\186_100.jpg,Cherry 2
C:\Users\prova\OneDrive\Desktop\Spring2024\ML_PNW\Cherry 2\187_100.jpg,Cherry 2
C:\Users\prova\OneDrive\Desktop\Spring2024\ML_PNW\Cherry 2\188_100.jpg,Cherry 2
C:\Users\prova\OneDrive\Desktop\Spring2024\ML_PNW\Cherry 2\189_100.jpg,Cherry 2
C:\Users\prova\OneDrive\Desktop\Spring2024\ML_PNW\Cherry 2\190_100.jpg,Cherry 2
C:\Users\prova\OneDrive\Desktop\Spring2024\ML_PNW\Cherry 2\191_100.jpg,Cherry 2
C:\Users\prova\OneDrive\Desktop\Spring2024\ML_PNW\Cherry 2\192_100.jpg,Cherry 2
C:\Users\prova\OneDrive\Desktop\Spring2024\ML_PNW\Cherry 2\193_100.jpg,Cherry 2
C:\Users\prova\OneDrive\Desktop\Spring2024\ML_PNW\Cherry 2\194_100.jpg,Cherry 2
C:\Users\prova\OneDrive\Desktop\Spring2024\ML_PNW\Cherry 2\195_100.jpg,Cherry 2
C:\Users\prova\OneDrive\Desktop\Spring2024\ML_PNW\Cherry 2\196_100.jpg,Cherry 2
C:\Users\prova\OneDrive\Desktop\Spring2024\ML_PNW\Cherry 2\197_100.jpg,Cherry 2
C:\Users\prova\OneDrive\Desktop\Spring2024\ML_PNW\Cherry 2\198_100.jpg,Cherry 2
C:\Users\prova\OneDrive\Desktop\Spring2024\ML_PNW\Cherry 2\199_100.jpg,Cherry 2
C:\Users\prova\OneDrive\Desktop\Spring2024\ML_PNW\Cherry 2\1_100.jpg,Cherry 2
C:\Users\prova\OneDrive\Desktop\Spring2024\ML_PNW\Cherry 2\200_100.jpg,Cherry 2
C:\Users\prova\OneDrive\Desktop\Spring2024\ML_PNW\Cherry 2\201_100.jpg,Cherry 2
C:\Users\prova\OneDrive\Desktop\Spring2024\ML_PNW\Cherry 2\202_100.jpg,Cherry 2
C:\Users\prova\OneDrive\Desktop\Spring2024\ML_PNW\Cherry 2\203_100.jpg,Cherry 2
C:\Users\prova\OneDrive\Desktop\Spring2024\ML_PNW\Cherry 2\204_100.jpg,Cherry 2
C:\Users\prova\OneDrive\Desktop\Spring2024\ML_PNW\Cherry 2\205_100.jpg,Cherry 2
C:\Users\prova\OneDrive\Desktop\Spring2024\ML_PNW\Cherry 2\206_100.jpg,Cherry 2
C:\Users\prova\OneDrive\Desktop\Spring2024\ML_PNW\Cherry 2\207_100.jpg,Cherry 2
C:\Users\prova\OneDrive\Desktop\Spring2024\ML_PNW\Cherry 2\208_100.jpg,Cherry 2
C:\Users\prova\OneDrive\Desktop\Spring2024\ML_PNW\Cherry 2\209_100.jpg,Cherry 2
C:\Users\prova\OneDrive\Desktop\Spring2024\ML_PNW\Cherry 2\210_100.jpg,Cherry 2
C:\Users\prova\OneDrive\Desktop\Spring2024\ML_PNW\Cherry 2\211_100.jpg,Cherry 2
C:\Users\prova\OneDrive\Desktop\Spring2024\ML_PNW\Cherry 2\212_100.jpg,Cherry 2
C:\Users\prova\OneDrive\Desktop\Spring2024\ML_PNW\Cherry 2\213_100.jpg,Cherry 2
C:\Users\prova\OneDrive\Desktop\Spring2024\ML_PNW\Cherry 2\214_100.jpg,Cherry 2
C:\Users\prova\OneDrive\Desktop\Spring2024\ML_PNW\Cherry 2\215_100.jpg,Cherry 2
C:\Users\prova\OneDrive\Desktop\Spring2024\ML_PNW\Cherry 2\216_100.jpg,Cherry 2
C:\Users\prova\OneDrive\Desktop\Spring2024\ML_PNW\Cherry 2\217_100.jpg,Cherry 2
C:\Users\prova\OneDrive\Desktop\Spring2024\ML_PNW\Cherry 2\218_100.jpg,Cherry 2
C:\Users\prova\OneDrive\Desktop\Spring2024\ML_PNW\Cherry 2\219_100.jpg,Cherry 2
C:\Users\prova\OneDrive\Desktop\Spring2024\ML_PNW\Cherry 2\21_100.jpg,Cherry 2
C:\Users\prova\OneDrive\Desktop\Spring2024\ML_PNW\Cherry 2\220_100.jpg,Cherry 2
C:\Users\prova\OneDrive\Desktop\Spring2024\ML_PNW\Cherry 2\221_100.jpg,Cherry 2
C:\Users\prova\OneDrive\Desktop\Spring2024\ML_PNW\Cherry 2\222_100.jpg,Cherry 2
C:\Users\prova\OneDrive\Desktop\Spring2024\ML_PNW\Cherry 2\223_100.jpg,Cherry 2
C:\Users\prova\OneDrive\Desktop\Spring2024\ML_PNW\Cherry 2\224_100.jpg,Cherry 2
C:\Users\prova\OneDrive\Desktop\Spring2024\ML_PNW\Cherry 2\225_100.jpg,Cherry 2
C:\Users\prova\OneDrive\Desktop\Spring2024\ML_PNW\Cherry 2\226_100.jpg,Cherry 2
C:\Users\prova\OneDrive\Desktop\Spring2024\ML_PNW\Cherry 2\227_100.jpg,Cherry 2
C:\Users\prova\OneDrive\Desktop\Spring2024\ML_PNW\Cherry 2\228_100.jpg,Cherry 2
C:\Users\prova\OneDrive\Desktop\Spring2024\ML_PNW\Cherry 2\235_100.jpg,Cherry 2
C:\Users\prova\OneDrive\Desktop\Spring2024\ML_PNW\Cherry 2\236_100.jpg,Cherry 2
C:\Users\prova\OneDrive\Desktop\Spring2024\ML_PNW\Cherry 2\237_100.jpg,Cherry 2
C:\Users\prova\OneDrive\Desktop\Spring2024\ML_PNW\Cherry 2\238_100.jpg,Cherry 2
C:\Users\prova\OneDrive\Desktop\Spring2024\ML_PNW\Cherry 2\239_100.jpg,Cherry 2
C:\Users\prova\OneDrive\Desktop\Spring2024\ML_PNW\Cherry 2\240_100.jpg,Cherry 2
C:\Users\prova\OneDrive\Desktop\Spring2024\ML_PNW\Cherry 2\241_100.jpg,Cherry 2
C:\Users\prova\OneDrive\Desktop\Spring2024\ML_PNW\Cherry 2\242_100.jpg,Cherry 2
C:\Users\prova\OneDrive\Desktop\Spring2024\ML_PNW\Cherry 2\243_100.jpg,Cherry 2
C:\Users\prova\OneDrive\Desktop\Spring2024\ML_PNW\Cherry 2\245_100.jpg,Cherry 2
C:\Users\prova\OneDrive\Desktop\Spring2024\ML_PNW\Cherry 2\246_100.jpg,Cherry 2
C:\Users\prova\OneDrive\Desktop\Spring2024\ML_PNW\Cherry 2\247_100.jpg,Cherry 2
C:\Users\prova\OneDrive\Desktop\Spring2024\ML_PNW\Cherry 2\248_100.jpg,Cherry 2
C:\Users\prova\OneDrive\Desktop\Spring2024\ML_PNW\Cherry 2\249_100.jpg,Cherry 2
C:\Users\prova\OneDrive\Desktop\Spring2024\ML_PNW\Cherry 2\250_100.jpg,Cherry 2
C:\Users\prova\OneDrive\Desktop\Spring2024\ML_PNW\Cherry 2\251_100.jpg,Cherry 2
C:\Users\prova\OneDrive\Desktop\Spring2024\ML_PNW\Cherry 2\252_100.jpg,Cherry 2
C:\Users\prova\OneDrive\Desktop\Spring2024\ML_PNW\Cherry 2\253_100.jpg,Cherry 2
C:\Users\prova\OneDrive\Desktop\Spring2024\ML_PNW\Cherry 2\254_100.jpg,Cherry 2
C:\Users\prova\OneDrive\Desktop\Spring2024\ML_PNW\Cherry 2\255_100.jpg,Cherry 2
C:\Users\prova\OneDrive\Desktop\Spring2024\ML_PNW\Cherry 2\256_100.jpg,Cherry 2
C:\Users\prova\OneDrive\Desktop\Spring2024\ML_PNW\Cherry 2\257_100.jpg,Cherry 2
C:\Users\prova\OneDrive\Desktop\Spring2024\ML_PNW\Cherry 2\258_100.jpg,Cherry 2
C:\Users\prova\OneDrive\Desktop\Spring2024\ML_PNW\Cherry 2\259_100.jpg,Cherry 2
C:\Users\prova\OneDrive\Desktop\Spring2024\ML_PNW\Cherry 2\260_100.jpg,Cherry 2
C:\Users\prova\OneDrive\Desktop\Spring2024\ML_PNW\Cherry 2\261_100.jpg,Cherry 2
C:\Users\prova\OneDrive\Desktop\Spring2024\ML_PNW\Cherry 2\262_100.jpg,Cherry 2
C:\Users\prova\OneDrive\Desktop\Spring2024\ML_PNW\Cherry 2\263_100.jpg,Cherry 2
C:\Users\prova\OneDrive\Desktop\Spring2024\ML_PNW\Cherry 2\264_100.jpg,Cherry 2
C:\Users\prova\OneDrive\Desktop\Spring2024\ML_PNW\Cherry 2\265_100.jpg,Cherry 2
C:\Users\prova\OneDrive\Desktop\Spring2024\ML_PNW\Cherry 2\266_100.jpg,Cherry 2
C:\Users\prova\OneDrive\Desktop\Spring2024\ML_PNW\Cherry 2\267_100.jpg,Cherry 2
C:\Users\prova\OneDrive\Desktop\Spring2024\ML_PNW\Cherry 2\268_100.jpg,Cherry 2
C:\Users\prova\OneDrive\Desktop\Spring2024\ML_PNW\Cherry 2\269_100.jpg,Cherry 2
C:\Users\prova\OneDrive\Desktop\Spring2024\ML_PNW\Cherry 2\270_100.jpg,Cherry 2
C:\Users\prova\OneDrive\Desktop\Spring2024\ML_PNW\Cherry 2\271_100.jpg,Cherry 2
C:\Users\prova\OneDrive\Desktop\Spring2024\ML_PNW\Cherry 2\272_100.jpg,Cherry 2
C:\Users\prova\OneDrive\Desktop\Spring2024\ML_PNW\Cherry 2\273_100.jpg,Cherry 2
C:\Users\prova\OneDrive\Desktop\Spring2024\ML_PNW\Cherry 2\274_100.jpg,Cherry 2
C:\Users\prova\OneDrive\Desktop\Spring2024\ML_PNW\Cherry 2\275_100.jpg,Cherry 2
C:\Users\prova\OneDrive\Desktop\Spring2024\ML_PNW\Cherry 2\276_100.jpg,Cherry 2
C:\Users\prova\OneDrive\Desktop\Spring2024\ML_PNW\Cherry 2\277_100.jpg,Cherry 2
C:\Users\prova\OneDrive\Desktop\Spring2024\ML_PNW\Cherry 2\278_100.jpg,Cherry 2
C:\Users\prova\OneDrive\Desktop\Spring2024\ML_PNW\Cherry 2\279_100.jpg,Cherry 2
C:\Users\prova\OneDrive\Desktop\Spring2024\ML_PNW\Cherry 2\280_100.jpg,Cherry 2
C:\Users\prova\OneDrive\Desktop\Spring2024\ML_PNW\Cherry 2\281_100.jpg,Cherry 2
C:\Users\prova\OneDrive\Desktop\Spring2024\ML_PNW\Cherry 2\282_100.jpg,Cherry 2
C:\Users\prova\OneDrive\Desktop\Spring2024\ML_PNW\Cherry 2\283_100.jpg,Cherry 2
C:\Users\prova\OneDrive\Desktop\Spring2024\ML_PNW\Cherry 2\284_100.jpg,Cherry 2
C:\Users\prova\OneDrive\Desktop\Spring2024\ML_PNW\Cherry 2\287_100.jpg,Cherry 2
C:\Users\prova\OneDrive\Desktop\Spring2024\ML_PNW\Cherry 2\288_100.jpg,Cherry 2
C:\Users\prova\OneDrive\Desktop\Spring2024\ML_PNW\Cherry 2\289_100.jpg,Cherry 2
C:\Users\prova\OneDrive\Desktop\Spring2024\ML_PNW\Cherry 2\290_100.jpg,Cherry 2
C:\Users\prova\OneDrive\Desktop\Spring2024\ML_PNW\Cherry 2\2_100.jpg,Cherry 2
C:\Users\prova\OneDrive\Desktop\Spring2024\ML_PNW\Cherry 2\306_100.jpg,Cherry 2
C:\Users\prova\OneDrive\Desktop\Spring2024\ML_PNW\Cherry 2\307_100.jpg,Cherry 2
C:\Users\prova\OneDrive\Desktop\Spring2024\ML_PNW\Cherry 2\308_100.jpg,Cherry 2
C:\Users\prova\OneDrive\Desktop\Spring2024\ML_PNW\Cherry 2\309_100.jpg,Cherry 2
C:\Users\prova\OneDrive\Desktop\Spring2024\ML_PNW\Cherry 2\310_100.jpg,Cherry 2
C:\Users\prova\OneDrive\Desktop\Spring2024\ML_PNW\Cherry 2\311_100.jpg,Cherry 2
C:\Users\prova\OneDrive\Desktop\Spring2024\ML_PNW\Cherry 2\312_100.jpg,Cherry 2
C:\Users\prova\OneDrive\Desktop\Spring2024\ML_PNW\Cherry 2\313_100.jpg,Cherry 2
C:\Users\prova\OneDrive\Desktop\Spring2024\ML_PNW\Cherry 2\314_100.jpg,Cherry 2
C:\Users\prova\OneDrive\Desktop\Spring2024\ML_PNW\Cherry 2\315_100.jpg,Cherry 2
C:\Users\prova\OneDrive\Desktop\Spring2024\ML_PNW\Cherry 2\316_100.jpg,Cherry 2
C:\Users\prova\OneDrive\Desktop\Spring2024\ML_PNW\Cherry 2\317_100.jpg,Cherry 2
C:\Users\prova\OneDrive\Desktop\Spring2024\ML_PNW\Cherry 2\318_100.jpg,Cherry 2
C:\Users\prova\OneDrive\Desktop\Spring2024\ML_PNW\Cherry 2\319_100.jpg,Cherry 2
C:\Users\prova\OneDrive\Desktop\Spring2024\ML_PNW\Cherry 2\320_100.jpg,Cherry 2
C:\Users\prova\OneDrive\Desktop\Spring2024\ML_PNW\Cherry 2\321_100.jpg,Cherry 2
C:\Users\prova\OneDrive\Desktop\Spring2024\ML_PNW\Cherry 2\322_100.jpg,Cherry 2
C:\Users\prova\OneDrive\Desktop\Spring2024\ML_PNW\Cherry 2\323_100.jpg,Cherry 2
C:\Users\prova\OneDrive\Desktop\Spring2024\ML_PNW\Cherry 2\324_100.jpg,Cherry 2
C:\Users\prova\OneDrive\Desktop\Spring2024\ML_PNW\Cherry 2\32_100.jpg,Cherry 2
C:\Users\prova\OneDrive\Desktop\Spring2024\ML_PNW\Cherry 2\33_100.jpg,Cherry 2
C:\Users\prova\OneDrive\Desktop\Spring2024\ML_PNW\Cherry 2\34_100.jpg,Cherry 2
C:\Users\prova\OneDrive\Desktop\Spring2024\ML_PNW\Cherry 2\36_100.jpg,Cherry 2
C:\Users\prova\OneDrive\Desktop\Spring2024\ML_PNW\Cherry 2\37_100.jpg,Cherry 2
C:\Users\prova\OneDrive\Desktop\Spring2024\ML_PNW\Cherry 2\38_100.jpg,Cherry 2
C:\Users\prova\OneDrive\Desktop\Spring2024\ML_PNW\Cherry 2\39_100.jpg,Cherry 2
C:\Users\prova\OneDrive\Desktop\Spring2024\ML_PNW\Cherry 2\3_100.jpg,Cherry 2
C:\Users\prova\OneDrive\Desktop\Spring2024\ML_PNW\Cherry 2\40_100.jpg,Cherry 2
C:\Users\prova\OneDrive\Desktop\Spring2024\ML_PNW\Cherry 2\41_100.jpg,Cherry 2
C:\Users\prova\OneDrive\Desktop\Spring2024\ML_PNW\Cherry 2\42_100.jpg,Cherry 2
C:\Users\prova\OneDrive\Desktop\Spring2024\ML_PNW\Cherry 2\43_100.jpg,Cherry 2
C:\Users\prova\OneDrive\Desktop\Spring2024\ML_PNW\Cherry 2\44_100.jpg,Cherry 2
C:\Users\prova\OneDrive\Desktop\Spring2024\ML_PNW\Cherry 2\45_100.jpg,Cherry 2
C:\Users\prova\OneDrive\Desktop\Spring2024\ML_PNW\Cherry 2\46_100.jpg,Cherry 2
C:\Users\prova\OneDrive\Desktop\Spring2024\ML_PNW\Cherry 2\47_100.jpg,Cherry 2
C:\Users\prova\OneDrive\Desktop\Spring2024\ML_PNW\Cherry 2\48_100.jpg,Cherry 2
C:\Users\prova\OneDrive\Desktop\Spring2024\ML_PNW\Cherry 2\49_100.jpg,Cherry 2
C:\Users\prova\OneDrive\Desktop\Spring2024\ML_PNW\Cherry 2\4_100.jpg,Cherry 2
C:\Users\prova\OneDrive\Desktop\Spring2024\ML_PNW\Cherry 2\50_100.jpg,Cherry 2
C:\Users\prova\OneDrive\Desktop\Spring2024\ML_PNW\Cherry 2\51_100.jpg,Cherry 2
C:\Users\prova\OneDrive\Desktop\Spring2024\ML_PNW\Cherry 2\52_100.jpg,Cherry 2
C:\Users\prova\OneDrive\Desktop\Spring2024\ML_PNW\Cherry 2\53_100.jpg,Cherry 2
C:\Users\prova\OneDrive\Desktop\Spring2024\ML_PNW\Cherry 2\54_100.jpg,Cherry 2
C:\Users\prova\OneDrive\Desktop\Spring2024\ML_PNW\Cherry 2\55_100.jpg,Cherry 2
C:\Users\prova\OneDrive\Desktop\Spring2024\ML_PNW\Cherry 2\56_100.jpg,Cherry 2
C:\Users\prova\OneDrive\Desktop\Spring2024\ML_PNW\Cherry 2\57_100.jpg,Cherry 2
C:\Users\prova\OneDrive\Desktop\Spring2024\ML_PNW\Cherry 2\58_100.jpg,Cherry 2
C:\Users\prova\OneDrive\Desktop\Spring2024\ML_PNW\Cherry 2\59_100.jpg,Cherry 2
C:\Users\prova\OneDrive\Desktop\Spring2024\ML_PNW\Cherry 2\5_100.jpg,Cherry 2
C:\Users\prova\OneDrive\Desktop\Spring2024\ML_PNW\Cherry 2\60_100.jpg,Cherry 2
C:\Users\prova\OneDrive\Desktop\Spring2024\ML_PNW\Cherry 2\62_100.jpg,Cherry 2
C:\Users\prova\OneDrive\Desktop\Spring2024\ML_PNW\Cherry 2\63_100.jpg,Cherry 2
C:\Users\prova\OneDrive\Desktop\Spring2024\ML_PNW\Cherry 2\6_100.jpg,Cherry 2
C:\Users\prova\OneDrive\Desktop\Spring2024\ML_PNW\Cherry 2\7_100.jpg,Cherry 2
C:\Users\prova\OneDrive\Desktop\Spring2024\ML_PNW\Cherry 2\8_100.jpg,Cherry 2
C:\Users\prova\OneDrive\Desktop\Spring2024\ML_PNW\Cherry 2\96_100.jpg,Cherry 2
C:\Users\prova\OneDrive\Desktop\Spring2024\ML_PNW\Cherry 2\98_100.jpg,Cherry 2
C:\Users\prova\OneDrive\Desktop\Spring2024\ML_PNW\Cherry 2\99_100.jpg,Cherry 2
C:\Users\prova\OneDrive\Desktop\Spring2024\ML_PNW\Cherry 2\9_100.jpg,Cherry 2
C:\Users\prova\OneDrive\Desktop\Spring2024\ML_PNW\Cherry 2\r2_0_100.jpg,Cherry 2
C:\Users\prova\OneDrive\Desktop\Spring2024\ML_PNW\Cherry 2\r2_100_100.jpg,Cherry 2
C:\Users\prova\OneDrive\Desktop\Spring2024\ML_PNW\Cherry 2\r2_101_100.jpg,Cherry 2
C:\Users\prova\OneDrive\Desktop\Spring2024\ML_PNW\Cherry 2\r2_102_100.jpg,Cherry 2
C:\Users\prova\OneDrive\Desktop\Spring2024\ML_PNW\Cherry 2\r2_103_100.jpg,Cherry 2
C:\Users\prova\OneDrive\Desktop\Spring2024\ML_PNW\Cherry 2\r2_104_100.jpg,Cherry 2
C:\Users\prova\OneDrive\Desktop\Spring2024\ML_PNW\Cherry 2\r2_105_100.jpg,Cherry 2
C:\Users\prova\OneDrive\Desktop\Spring2024\ML_PNW\Cherry 2\r2_106_100.jpg,Cherry 2
C:\Users\prova\OneDrive\Desktop\Spring2024\ML_PNW\Cherry 2\r2_107_100.jpg,Cherry 2
C:\Users\prova\OneDrive\Desktop\Spring2024\ML_PNW\Cherry 2\r2_108_100.jpg,Cherry 2
C:\Users\prova\OneDrive\Desktop\Spring2024\ML_PNW\Cherry 2\r2_109_100.jpg,Cherry 2
C:\Users\prova\OneDrive\Desktop\Spring2024\ML_PNW\Cherry 2\r2_10_100.jpg,Cherry 2
C:\Users\prova\OneDrive\Desktop\Spring2024\ML_PNW\Cherry 2\r2_110_100.jpg,Cherry 2
C:\Users\prova\OneDrive\Desktop\Spring2024\ML_PNW\Cherry 2\r2_111_100.jpg,Cherry 2
C:\Users\prova\OneDrive\Desktop\Spring2024\ML_PNW\Cherry 2\r2_112_100.jpg,Cherry 2
C:\Users\prova\OneDrive\Desktop\Spring2024\ML_PNW\Cherry 2\r2_113_100.jpg,Cherry 2
C:\Users\prova\OneDrive\Desktop\Spring2024\ML_PNW\Cherry 2\r2_114_100.jpg,Cherry 2
C:\Users\prova\OneDrive\Desktop\Spring2024\ML_PNW\Cherry 2\r2_115_100.jpg,Cherry 2
C:\Users\prova\OneDrive\Desktop\Spring2024\ML_PNW\Cherry 2\r2_116_100.jpg,Cherry 2
C:\Users\prova\OneDrive\Desktop\Spring2024\ML_PNW\Cherry 2\r2_117_100.jpg,Cherry 2
C:\Users\prova\OneDrive\Desktop\Spring2024\ML_PNW\Cherry 2\r2_118_100.jpg,Cherry 2
C:\Users\prova\OneDrive\Desktop\Spring2024\ML_PNW\Cherry 2\r2_119_100.jpg,Cherry 2
C:\Users\prova\OneDrive\Desktop\Spring2024\ML_PNW\Cherry 2\r2_11_100.jpg,Cherry 2
C:\Users\prova\OneDrive\Desktop\Spring2024\ML_PNW\Cherry 2\r2_120_100.jpg,Cherry 2
C:\Users\prova\OneDrive\Desktop\Spring2024\ML_PNW\Cherry 2\r2_121_100.jpg,Cherry 2
C:\Users\prova\OneDrive\Desktop\Spring2024\ML_PNW\Cherry 2\r2_122_100.jpg,Cherry 2
C:\Users\prova\OneDrive\Desktop\Spring2024\ML_PNW\Cherry 2\r2_123_100.jpg,Cherry 2
C:\Users\prova\OneDrive\Desktop\Spring2024\ML_PNW\Cherry 2\r2_124_100.jpg,Cherry 2
C:\Users\prova\OneDrive\Desktop\Spring2024\ML_PNW\Cherry 2\r2_125_100.jpg,Cherry 2
C:\Users\prova\OneDrive\Desktop\Spring2024\ML_PNW\Cherry 2\r2_126_100.jpg,Cherry 2
C:\Users\prova\OneDrive\Desktop\Spring2024\ML_PNW\Cherry 2\r2_127_100.jpg,Cherry 2
C:\Users\prova\OneDrive\Desktop\Spring2024\ML_PNW\Cherry 2\r2_128_100.jpg,Cherry 2
C:\Users\prova\OneDrive\Desktop\Spring2024\ML_PNW\Cherry 2\r2_129_100.jpg,Cherry 2
C:\Users\prova\OneDrive\Desktop\Spring2024\ML_PNW\Cherry 2\r2_12_100.jpg,Cherry 2
C:\Users\prova\OneDrive\Desktop\Spring2024\ML_PNW\Cherry 2\r2_130_100.jpg,Cherry 2
C:\Users\prova\OneDrive\Desktop\Spring2024\ML_PNW\Cherry 2\r2_131_100.jpg,Cherry 2
C:\Users\prova\OneDrive\Desktop\Spring2024\ML_PNW\Cherry 2\r2_132_100.jpg,Cherry 2
C:\Users\prova\OneDrive\Desktop\Spring2024\ML_PNW\Cherry 2\r2_133_100.jpg,Cherry 2
C:\Users\prova\OneDrive\Desktop\Spring2024\ML_PNW\Cherry 2\r2_134_100.jpg,Cherry 2
C:\Users\prova\OneDrive\Desktop\Spring2024\ML_PNW\Cherry 2\r2_135_100.jpg,Cherry 2
C:\Users\prova\OneDrive\Desktop\Spring2024\ML_PNW\Cherry 2\r2_136_100.jpg,Cherry 2
C:\Users\prova\OneDrive\Desktop\Spring2024\ML_PNW\Cherry 2\r2_137_100.jpg,Cherry 2
C:\Users\prova\OneDrive\Desktop\Spring2024\ML_PNW\Cherry 2\r2_138_100.jpg,Cherry 2
C:\Users\prova\OneDrive\Desktop\Spring2024\ML_PNW\Cherry 2\r2_139_100.jpg,Cherry 2
C:\Users\prova\OneDrive\Desktop\Spring2024\ML_PNW\Cherry 2\r2_13_100.jpg,Cherry 2
C:\Users\prova\OneDrive\Desktop\Spring2024\ML_PNW\Cherry 2\r2_140_100.jpg,Cherry 2
C:\Users\prova\OneDrive\Desktop\Spring2024\ML_PNW\Cherry 2\r2_141_100.jpg,Cherry 2
C:\Users\prova\OneDrive\Desktop\Spring2024\ML_PNW\Cherry 2\r2_142_100.jpg,Cherry 2
C:\Users\prova\OneDrive\Desktop\Spring2024\ML_PNW\Cherry 2\r2_143_100.jpg,Cherry 2
C:\Users\prova\OneDrive\Desktop\Spring2024\ML_PNW\Cherry 2\r2_144_100.jpg,Cherry 2
C:\Users\prova\OneDrive\Desktop\Spring2024\ML_PNW\Cherry 2\r2_145_100.jpg,Cherry 2
C:\Users\prova\OneDrive\Desktop\Spring2024\ML_PNW\Cherry 2\r2_146_100.jpg,Cherry 2
C:\Users\prova\OneDrive\Desktop\Spring2024\ML_PNW\Cherry 2\r2_147_100.jpg,Cherry 2
C:\Users\prova\OneDrive\Desktop\Spring2024\ML_PNW\Cherry 2\r2_148_100.jpg,Cherry 2
C:\Users\prova\OneDrive\Desktop\Spring2024\ML_PNW\Cherry 2\r2_149_100.jpg,Cherry 2
C:\Users\prova\OneDrive\Desktop\Spring2024\ML_PNW\Cherry 2\r2_14_100.jpg,Cherry 2
C:\Users\prova\OneDrive\Desktop\Spring2024\ML_PNW\Cherry 2\r2_150_100.jpg,Cherry 2
C:\Users\prova\OneDrive\Desktop\Spring2024\ML_PNW\Cherry 2\r2_151_100.jpg,Cherry 2
C:\Users\prova\OneDrive\Desktop\Spring2024\ML_PNW\Cherry 2\r2_152_100.jpg,Cherry 2
C:\Users\prova\OneDrive\Desktop\Spring2024\ML_PNW\Cherry 2\r2_153_100.jpg,Cherry 2
C:\Users\prova\OneDrive\Desktop\Spring2024\ML_PNW\Cherry 2\r2_154_100.jpg,Cherry 2
C:\Users\prova\OneDrive\Desktop\Spring2024\ML_PNW\Cherry 2\r2_155_100.jpg,Cherry 2
C:\Users\prova\OneDrive\Desktop\Spring2024\ML_PNW\Cherry 2\r2_156_100.jpg,Cherry 2
C:\Users\prova\OneDrive\Desktop\Spring2024\ML_PNW\Cherry 2\r2_157_100.jpg,Cherry 2
C:\Users\prova\OneDrive\Desktop\Spring2024\ML_PNW\Cherry 2\r2_158_100.jpg,Cherry 2
C:\Users\prova\OneDrive\Desktop\Spring2024\ML_PNW\Cherry 2\r2_159_100.jpg,Cherry 2
C:\Users\prova\OneDrive\Desktop\Spring2024\ML_PNW\Cherry 2\r2_15_100.jpg,Cherry 2
C:\Users\prova\OneDrive\Desktop\Spring2024\ML_PNW\Cherry 2\r2_160_100.jpg,Cherry 2
C:\Users\prova\OneDrive\Desktop\Spring2024\ML_PNW\Cherry 2\r2_161_100.jpg,Cherry 2
C:\Users\prova\OneDrive\Desktop\Spring2024\ML_PNW\Cherry 2\r2_162_100.jpg,Cherry 2
C:\Users\prova\OneDrive\Desktop\Spring2024\ML_PNW\Cherry 2\r2_163_100.jpg,Cherry 2
C:\Users\prova\OneDrive\Desktop\Spring2024\ML_PNW\Cherry 2\r2_164_100.jpg,Cherry 2
C:\Users\prova\OneDrive\Desktop\Spring2024\ML_PNW\Cherry 2\r2_165_100.jpg,Cherry 2
C:\Users\prova\OneDrive\Desktop\Spring2024\ML_PNW\Cherry 2\r2_166_100.jpg,Cherry 2
C:\Users\prova\OneDrive\Desktop\Spring2024\ML_PNW\Cherry 2\r2_167_100.jpg,Cherry 2
C:\Users\prova\OneDrive\Desktop\Spring2024\ML_PNW\Cherry 2\r2_168_100.jpg,Cherry 2
C:\Users\prova\OneDrive\Desktop\Spring2024\ML_PNW\Cherry 2\r2_169_100.jpg,Cherry 2
C:\Users\prova\OneDrive\Desktop\Spring2024\ML_PNW\Cherry 2\r2_16_100.jpg,Cherry 2
C:\Users\prova\OneDrive\Desktop\Spring2024\ML_PNW\Cherry 2\r2_170_100.jpg,Cherry 2
C:\Users\prova\OneDrive\Desktop\Spring2024\ML_PNW\Cherry 2\r2_171_100.jpg,Cherry 2
C:\Users\prova\OneDrive\Desktop\Spring2024\ML_PNW\Cherry 2\r2_172_100.jpg,Cherry 2
C:\Users\prova\OneDrive\Desktop\Spring2024\ML_PNW\Cherry 2\r2_173_100.jpg,Cherry 2
C:\Users\prova\OneDrive\Desktop\Spring2024\ML_PNW\Cherry 2\r2_174_100.jpg,Cherry 2
C:\Users\prova\OneDrive\Desktop\Spring2024\ML_PNW\Cherry 2\r2_175_100.jpg,Cherry 2
C:\Users\prova\OneDrive\Desktop\Spring2024\ML_PNW\Cherry 2\r2_176_100.jpg,Cherry 2
C:\Users\prova\OneDrive\Desktop\Spring2024\ML_PNW\Cherry 2\r2_177_100.jpg,Cherry 2
C:\Users\prova\OneDrive\Desktop\Spring2024\ML_PNW\Cherry 2\r2_178_100.jpg,Cherry 2
C:\Users\prova\OneDrive\Desktop\Spring2024\ML_PNW\Cherry 2\r2_179_100.jpg,Cherry 2
C:\Users\prova\OneDrive\Desktop\Spring2024\ML_PNW\Cherry 2\r2_17_100.jpg,Cherry 2
C:\Users\prova\OneDrive\Desktop\Spring2024\ML_PNW\Cherry 2\r2_180_100.jpg,Cherry 2
C:\Users\prova\OneDrive\Desktop\Spring2024\ML_PNW\Cherry 2\r2_181_100.jpg,Cherry 2
C:\Users\prova\OneDrive\Desktop\Spring2024\ML_PNW\Cherry 2\r2_182_100.jpg,Cherry 2
C:\Users\prova\OneDrive\Desktop\Spring2024\ML_PNW\Cherry 2\r2_183_100.jpg,Cherry 2
C:\Users\prova\OneDrive\Desktop\Spring2024\ML_PNW\Cherry 2\r2_184_100.jpg,Cherry 2
C:\Users\prova\OneDrive\Desktop\Spring2024\ML_PNW\Cherry 2\r2_185_100.jpg,Cherry 2
C:\Users\prova\OneDrive\Desktop\Spring2024\ML_PNW\Cherry 2\r2_186_100.jpg,Cherry 2
C:\Users\prova\OneDrive\Desktop\Spring2024\ML_PNW\Cherry 2\r2_187_100.jpg,Cherry 2
C:\Users\prova\OneDrive\Desktop\Spring2024\ML_PNW\Cherry 2\r2_188_100.jpg,Cherry 2
C:\Users\prova\OneDrive\Desktop\Spring2024\ML_PNW\Cherry 2\r2_189_100.jpg,Cherry 2
C:\Users\prova\OneDrive\Desktop\Spring2024\ML_PNW\Cherry 2\r2_18_100.jpg,Cherry 2
C:\Users\prova\OneDrive\Desktop\Spring2024\ML_PNW\Cherry 2\r2_190_100.jpg,Cherry 2
C:\Users\prova\OneDrive\Desktop\Spring2024\ML_PNW\Cherry 2\r2_191_100.jpg,Cherry 2
C:\Users\prova\OneDrive\Desktop\Spring2024\ML_PNW\Cherry 2\r2_192_100.jpg,Cherry 2
C:\Users\prova\OneDrive\Desktop\Spring2024\ML_PNW\Cherry 2\r2_193_100.jpg,Cherry 2
C:\Users\prova\OneDrive\Desktop\Spring2024\ML_PNW\Cherry 2\r2_194_100.jpg,Cherry 2
C:\Users\prova\OneDrive\Desktop\Spring2024\ML_PNW\Cherry 2\r2_195_100.jpg,Cherry 2
C:\Users\prova\OneDrive\Desktop\Spring2024\ML_PNW\Cherry 2\r2_196_100.jpg,Cherry 2
C:\Users\prova\OneDrive\Desktop\Spring2024\ML_PNW\Cherry 2\r2_197_100.jpg,Cherry 2
C:\Users\prova\OneDrive\Desktop\Spring2024\ML_PNW\Cherry 2\r2_198_100.jpg,Cherry 2
C:\Users\prova\OneDrive\Desktop\Spring2024\ML_PNW\Cherry 2\r2_199_100.jpg,Cherry 2
C:\Users\prova\OneDrive\Desktop\Spring2024\ML_PNW\Cherry 2\r2_19_100.jpg,Cherry 2
C:\Users\prova\OneDrive\Desktop\Spring2024\ML_PNW\Cherry 2\r2_1_100.jpg,Cherry 2
C:\Users\prova\OneDrive\Desktop\Spring2024\ML_PNW\Cherry 2\r2_200_100.jpg,Cherry 2
C:\Users\prova\OneDrive\Desktop\Spring2024\ML_PNW\Cherry 2\r2_201_100.jpg,Cherry 2
C:\Users\prova\OneDrive\Desktop\Spring2024\ML_PNW\Cherry 2\r2_202_100.jpg,Cherry 2
C:\Users\prova\OneDrive\Desktop\Spring2024\ML_PNW\Cherry 2\r2_203_100.jpg,Cherry 2
C:\Users\prova\OneDrive\Desktop\Spring2024\ML_PNW\Cherry 2\r2_204_100.jpg,Cherry 2
C:\Users\prova\OneDrive\Desktop\Spring2024\ML_PNW\Cherry 2\r2_205_100.jpg,Cherry 2
C:\Users\prova\OneDrive\Desktop\Spring2024\ML_PNW\Cherry 2\r2_206_100.jpg,Cherry 2
C:\Users\prova\OneDrive\Desktop\Spring2024\ML_PNW\Cherry 2\r2_207_100.jpg,Cherry 2
C:\Users\prova\OneDrive\Desktop\Spring2024\ML_PNW\Cherry 2\r2_208_100.jpg,Cherry 2
C:\Users\prova\OneDrive\Desktop\Spring2024\ML_PNW\Cherry 2\r2_209_100.jpg,Cherry 2
C:\Users\prova\OneDrive\Desktop\Spring2024\ML_PNW\Cherry 2\r2_20_100.jpg,Cherry 2
C:\Users\prova\OneDrive\Desktop\Spring2024\ML_PNW\Cherry 2\r2_210_100.jpg,Cherry 2
C:\Users\prova\OneDrive\Desktop\Spring2024\ML_PNW\Cherry 2\r2_211_100.jpg,Cherry 2
C:\Users\prova\OneDrive\Desktop\Spring2024\ML_PNW\Cherry 2\r2_212_100.jpg,Cherry 2
C:\Users\prova\OneDrive\Desktop\Spring2024\ML_PNW\Cherry 2\r2_213_100.jpg,Cherry 2
C:\Users\prova\OneDrive\Desktop\Spring2024\ML_PNW\Cherry 2\r2_214_100.jpg,Cherry 2
C:\Users\prova\OneDrive\Desktop\Spring2024\ML_PNW\Cherry 2\r2_215_100.jpg,Cherry 2
C:\Users\prova\OneDrive\Desktop\Spring2024\ML_PNW\Cherry 2\r2_216_100.jpg,Cherry 2
C:\Users\prova\OneDrive\Desktop\Spring2024\ML_PNW\Cherry 2\r2_217_100.jpg,Cherry 2
C:\Users\prova\OneDrive\Desktop\Spring2024\ML_PNW\Cherry 2\r2_218_100.jpg,Cherry 2
C:\Users\prova\OneDrive\Desktop\Spring2024\ML_PNW\Cherry 2\r2_219_100.jpg,Cherry 2
C:\Users\prova\OneDrive\Desktop\Spring2024\ML_PNW\Cherry 2\r2_21_100.jpg,Cherry 2
C:\Users\prova\OneDrive\Desktop\Spring2024\ML_PNW\Cherry 2\r2_220_100.jpg,Cherry 2
C:\Users\prova\OneDrive\Desktop\Spring2024\ML_PNW\Cherry 2\r2_221_100.jpg,Cherry 2
C:\Users\prova\OneDrive\Desktop\Spring2024\ML_PNW\Cherry 2\r2_222_100.jpg,Cherry 2
C:\Users\prova\OneDrive\Desktop\Spring2024\ML_PNW\Cherry 2\r2_223_100.jpg,Cherry 2
C:\Users\prova\OneDrive\Desktop\Spring2024\ML_PNW\Cherry 2\r2_224_100.jpg,Cherry 2
C:\Users\prova\OneDrive\Desktop\Spring2024\ML_PNW\Cherry 2\r2_225_100.jpg,Cherry 2
C:\Users\prova\OneDrive\Desktop\Spring2024\ML_PNW\Cherry 2\r2_226_100.jpg,Cherry 2
C:\Users\prova\OneDrive\Desktop\Spring2024\ML_PNW\Cherry 2\r2_227_100.jpg,Cherry 2
C:\Users\prova\OneDrive\Desktop\Spring2024\ML_PNW\Cherry 2\r2_228_100.jpg,Cherry 2
C:\Users\prova\OneDrive\Desktop\Spring2024\ML_PNW\Cherry 2\r2_229_100.jpg,Cherry 2
C:\Users\prova\OneDrive\Desktop\Spring2024\ML_PNW\Cherry 2\r2_22_100.jpg,Cherry 2
C:\Users\prova\OneDrive\Desktop\Spring2024\ML_PNW\Cherry 2\r2_230_100.jpg,Cherry 2
C:\Users\prova\OneDrive\Desktop\Spring2024\ML_PNW\Cherry 2\r2_231_100.jpg,Cherry 2
C:\Users\prova\OneDrive\Desktop\Spring2024\ML_PNW\Cherry 2\r2_232_100.jpg,Cherry 2
C:\Users\prova\OneDrive\Desktop\Spring2024\ML_PNW\Cherry 2\r2_233_100.jpg,Cherry 2
C:\Users\prova\OneDrive\Desktop\Spring2024\ML_PNW\Cherry 2\r2_234_100.jpg,Cherry 2
C:\Users\prova\OneDrive\Desktop\Spring2024\ML_PNW\Cherry 2\r2_235_100.jpg,Cherry 2
C:\Users\prova\OneDrive\Desktop\Spring2024\ML_PNW\Cherry 2\r2_236_100.jpg,Cherry 2
C:\Users\prova\OneDrive\Desktop\Spring2024\ML_PNW\Cherry 2\r2_237_100.jpg,Cherry 2
C:\Users\prova\OneDrive\Desktop\Spring2024\ML_PNW\Cherry 2\r2_238_100.jpg,Cherry 2
C:\Users\prova\OneDrive\Desktop\Spring2024\ML_PNW\Cherry 2\r2_239_100.jpg,Cherry 2
C:\Users\prova\OneDrive\Desktop\Spring2024\ML_PNW\Cherry 2\r2_23_100.jpg,Cherry 2
C:\Users\prova\OneDrive\Desktop\Spring2024\ML_PNW\Cherry 2\r2_24_100.jpg,Cherry 2
C:\Users\prova\OneDrive\Desktop\Spring2024\ML_PNW\Cherry 2\r2_25_100.jpg,Cherry 2
C:\Users\prova\OneDrive\Desktop\Spring2024\ML_PNW\Cherry 2\r2_26_100.jpg,Cherry 2
C:\Users\prova\OneDrive\Desktop\Spring2024\ML_PNW\Cherry 2\r2_27_100.jpg,Cherry 2
C:\Users\prova\OneDrive\Desktop\Spring2024\ML_PNW\Cherry 2\r2_28_100.jpg,Cherry 2
C:\Users\prova\OneDrive\Desktop\Spring2024\ML_PNW\Cherry 2\r2_29_100.jpg,Cherry 2
C:\Users\prova\OneDrive\Desktop\Spring2024\ML_PNW\Cherry 2\r2_2_100.jpg,Cherry 2
C:\Users\prova\OneDrive\Desktop\Spring2024\ML_PNW\Cherry 2\r2_304_100.jpg,Cherry 2
C:\Users\prova\OneDrive\Desktop\Spring2024\ML_PNW\Cherry 2\r2_305_100.jpg,Cherry 2
C:\Users\prova\OneDrive\Desktop\Spring2024\ML_PNW\Cherry 2\r2_306_100.jpg,Cherry 2
C:\Users\prova\OneDrive\Desktop\Spring2024\ML_PNW\Cherry 2\r2_307_100.jpg,Cherry 2
C:\Users\prova\OneDrive\Desktop\Spring2024\ML_PNW\Cherry 2\r2_308_100.jpg,Cherry 2
C:\Users\prova\OneDrive\Desktop\Spring2024\ML_PNW\Cherry 2\r2_309_100.jpg,Cherry 2
C:\Users\prova\OneDrive\Desktop\Spring2024\ML_PNW\Cherry 2\r2_30_100.jpg,Cherry 2
C:\Users\prova\OneDrive\Desktop\Spring2024\ML_PNW\Cherry 2\r2_310_100.jpg,Cherry 2
C:\Users\prova\OneDrive\Desktop\Spring2024\ML_PNW\Cherry 2\r2_311_100.jpg,Cherry 2
C:\Users\prova\OneDrive\Desktop\Spring2024\ML_PNW\Cherry 2\r2_312_100.jpg,Cherry 2
C:\Users\prova\OneDrive\Desktop\Spring2024\ML_PNW\Cherry 2\r2_313_100.jpg,Cherry 2
C:\Users\prova\OneDrive\Desktop\Spring2024\ML_PNW\Cherry 2\r2_314_100.jpg,Cherry 2
C:\Users\prova\OneDrive\Desktop\Spring2024\ML_PNW\Cherry 2\r2_315_100.jpg,Cherry 2
C:\Users\prova\OneDrive\Desktop\Spring2024\ML_PNW\Cherry 2\r2_316_100.jpg,Cherry 2
C:\Users\prova\OneDrive\Desktop\Spring2024\ML_PNW\Cherry 2\r2_317_100.jpg,Cherry 2
C:\Users\prova\OneDrive\Desktop\Spring2024\ML_PNW\Cherry 2\r2_318_100.jpg,Cherry 2
C:\Users\prova\OneDrive\Desktop\Spring2024\ML_PNW\Cherry 2\r2_319_100.jpg,Cherry 2
C:\Users\prova\OneDrive\Desktop\Spring2024\ML_PNW\Cherry 2\r2_31_100.jpg,Cherry 2
C:\Users\prova\OneDrive\Desktop\Spring2024\ML_PNW\Cherry 2\r2_320_100.jpg,Cherry 2
C:\Users\prova\OneDrive\Desktop\Spring2024\ML_PNW\Cherry 2\r2_321_100.jpg,Cherry 2
C:\Users\prova\OneDrive\Desktop\Spring2024\ML_PNW\Cherry 2\r2_322_100.jpg,Cherry 2
C:\Users\prova\OneDrive\Desktop\Spring2024\ML_PNW\Cherry 2\r2_323_100.jpg,Cherry 2
C:\Users\prova\OneDrive\Desktop\Spring2024\ML_PNW\Cherry 2\r2_324_100.jpg,Cherry 2
C:\Users\prova\OneDrive\Desktop\Spring2024\ML_PNW\Cherry 2\r2_325_100.jpg,Cherry 2
C:\Users\prova\OneDrive\Desktop\Spring2024\ML_PNW\Cherry 2\r2_326_100.jpg,Cherry 2
C:\Users\prova\OneDrive\Desktop\Spring2024\ML_PNW\Cherry 2\r2_327_100.jpg,Cherry 2
C:\Users\prova\OneDrive\Desktop\Spring2024\ML_PNW\Cherry 2\r2_32_100.jpg,Cherry 2
C:\Users\prova\OneDrive\Desktop\Spring2024\ML_PNW\Cherry 2\r2_33_100.jpg,Cherry 2
C:\Users\prova\OneDrive\Desktop\Spring2024\ML_PNW\Cherry 2\r2_34_100.jpg,Cherry 2
C:\Users\prova\OneDrive\Desktop\Spring2024\ML_PNW\Cherry 2\r2_35_100.jpg,Cherry 2
C:\Users\prova\OneDrive\Desktop\Spring2024\ML_PNW\Cherry 2\r2_36_100.jpg,Cherry 2
C:\Users\prova\OneDrive\Desktop\Spring2024\ML_PNW\Cherry 2\r2_37_100.jpg,Cherry 2
C:\Users\prova\OneDrive\Desktop\Spring2024\ML_PNW\Cherry 2\r2_38_100.jpg,Cherry 2
C:\Users\prova\OneDrive\Desktop\Spring2024\ML_PNW\Cherry 2\r2_39_100.jpg,Cherry 2
C:\Users\prova\OneDrive\Desktop\Spring2024\ML_PNW\Cherry 2\r2_3_100.jpg,Cherry 2
C:\Users\prova\OneDrive\Desktop\Spring2024\ML_PNW\Cherry 2\r2_40_100.jpg,Cherry 2
C:\Users\prova\OneDrive\Desktop\Spring2024\ML_PNW\Cherry 2\r2_41_100.jpg,Cherry 2
C:\Users\prova\OneDrive\Desktop\Spring2024\ML_PNW\Cherry 2\r2_42_100.jpg,Cherry 2
C:\Users\prova\OneDrive\Desktop\Spring2024\ML_PNW\Cherry 2\r2_43_100.jpg,Cherry 2
C:\Users\prova\OneDrive\Desktop\Spring2024\ML_PNW\Cherry 2\r2_44_100.jpg,Cherry 2
C:\Users\prova\OneDrive\Desktop\Spring2024\ML_PNW\Cherry 2\r2_45_100.jpg,Cherry 2
C:\Users\prova\OneDrive\Desktop\Spring2024\ML_PNW\Cherry 2\r2_46_100.jpg,Cherry 2
C:\Users\prova\OneDrive\Desktop\Spring2024\ML_PNW\Cherry 2\r2_47_100.jpg,Cherry 2
C:\Users\prova\OneDrive\Desktop\Spring2024\ML_PNW\Cherry 2\r2_48_100.jpg,Cherry 2
C:\Users\prova\OneDrive\Desktop\Spring2024\ML_PNW\Cherry 2\r2_49_100.jpg,Cherry 2
C:\Users\prova\OneDrive\Desktop\Spring2024\ML_PNW\Cherry 2\r2_4_100.jpg,Cherry 2
C:\Users\prova\OneDrive\Desktop\Spring2024\ML_PNW\Cherry 2\r2_50_100.jpg,Cherry 2
C:\Users\prova\OneDrive\Desktop\Spring2024\ML_PNW\Cherry 2\r2_51_100.jpg,Cherry 2
C:\Users\prova\OneDrive\Desktop\Spring2024\ML_PNW\Cherry 2\r2_52_100.jpg,Cherry 2
C:\Users\prova\OneDrive\Desktop\Spring2024\ML_PNW\Cherry 2\r2_53_100.jpg,Cherry 2
C:\Users\prova\OneDrive\Desktop\Spring2024\ML_PNW\Cherry 2\r2_54_100.jpg,Cherry 2
C:\Users\prova\OneDrive\Desktop\Spring2024\ML_PNW\Cherry 2\r2_55_100.jpg,Cherry 2
C:\Users\prova\OneDrive\Desktop\Spring2024\ML_PNW\Cherry 2\r2_56_100.jpg,Cherry 2
C:\Users\prova\OneDrive\Desktop\Spring2024\ML_PNW\Cherry 2\r2_57_100.jpg,Cherry 2
C:\Users\prova\OneDrive\Desktop\Spring2024\ML_PNW\Cherry 2\r2_58_100.jpg,Cherry 2
C:\Users\prova\OneDrive\Desktop\Spring2024\ML_PNW\Cherry 2\r2_59_100.jpg,Cherry 2
C:\Users\prova\OneDrive\Desktop\Spring2024\ML_PNW\Cherry 2\r2_5_100.jpg,Cherry 2
C:\Users\prova\OneDrive\Desktop\Spring2024\ML_PNW\Cherry 2\r2_60_100.jpg,Cherry 2
C:\Users\prova\OneDrive\Desktop\Spring2024\ML_PNW\Cherry 2\r2_61_100.jpg,Cherry 2
C:\Users\prova\OneDrive\Desktop\Spring2024\ML_PNW\Cherry 2\r2_62_100.jpg,Cherry 2
C:\Users\prova\OneDrive\Desktop\Spring2024\ML_PNW\Cherry 2\r2_63_100.jpg,Cherry 2
C:\Users\prova\OneDrive\Desktop\Spring2024\ML_PNW\Cherry 2\r2_64_100.jpg,Cherry 2
C:\Users\prova\OneDrive\Desktop\Spring2024\ML_PNW\Cherry 2\r2_65_100.jpg,Cherry 2
C:\Users\prova\OneDrive\Desktop\Spring2024\ML_PNW\Cherry 2\r2_66_100.jpg,Cherry 2
C:\Users\prova\OneDrive\Desktop\Spring2024\ML_PNW\Cherry 2\r2_67_100.jpg,Cherry 2
C:\Users\prova\OneDrive\Desktop\Spring2024\ML_PNW\Cherry 2\r2_68_100.jpg,Cherry 2
C:\Users\prova\OneDrive\Desktop\Spring2024\ML_PNW\Cherry 2\r2_69_100.jpg,Cherry 2
C:\Users\prova\OneDrive\Desktop\Spring2024\ML_PNW\Cherry 2\r2_6_100.jpg,Cherry 2
C:\Users\prova\OneDrive\Desktop\Spring2024\ML_PNW\Cherry 2\r2_70_100.jpg,Cherry 2
C:\Users\prova\OneDrive\Desktop\Spring2024\ML_PNW\Cherry 2\r2_71_100.jpg,Cherry 2
C:\Users\prova\OneDrive\Desktop\Spring2024\ML_PNW\Cherry 2\r2_72_100.jpg,Cherry 2
C:\Users\prova\OneDrive\Desktop\Spring2024\ML_PNW\Cherry 2\r2_75_100.jpg,Cherry 2
C:\Users\prova\OneDrive\Desktop\Spring2024\ML_PNW\Cherry 2\r2_77_100.jpg,Cherry 2
C:\Users\prova\OneDrive\Desktop\Spring2024\ML_PNW\Cherry 2\r2_7_100.jpg,Cherry 2
C:\Users\prova\OneDrive\Desktop\Spring2024\ML_PNW\Cherry 2\r2_82_100.jpg,Cherry 2
C:\Users\prova\OneDrive\Desktop\Spring2024\ML_PNW\Cherry 2\r2_84_100.jpg,Cherry 2
C:\Users\prova\OneDrive\Desktop\Spring2024\ML_PNW\Cherry 2\r2_85_100.jpg,Cherry 2
C:\Users\prova\OneDrive\Desktop\Spring2024\ML_PNW\Cherry 2\r2_86_100.jpg,Cherry 2
C:\Users\prova\OneDrive\Desktop\Spring2024\ML_PNW\Cherry 2\r2_87_100.jpg,Cherry 2
C:\Users\prova\OneDrive\Desktop\Spring2024\ML_PNW\Cherry 2\r2_89_100.jpg,Cherry 2
C:\Users\prova\OneDrive\Desktop\Spring2024\ML_PNW\Cherry 2\r2_8_100.jpg,Cherry 2
C:\Users\prova\OneDrive\Desktop\Spring2024\ML_PNW\Cherry 2\r2_90_100.jpg,Cherry 2
C:\Users\prova\OneDrive\Desktop\Spring2024\ML_PNW\Cherry 2\r2_9_100.jpg,Cherry 2
C:\Users\prova\OneDrive\Desktop\Spring2024\ML_PNW\Cherry 2\r_0_100.jpg,Cherry 2
C:\Users\prova\OneDrive\Desktop\Spring2024\ML_PNW\Cherry 2\r_10_100.jpg,Cherry 2
C:\Users\prova\OneDrive\Desktop\Spring2024\ML_PNW\Cherry 2\r_114_100.jpg,Cherry 2
C:\Users\prova\OneDrive\Desktop\Spring2024\ML_PNW\Cherry 2\r_11_100.jpg,Cherry 2
C:\Users\prova\OneDrive\Desktop\Spring2024\ML_PNW\Cherry 2\r_120_100.jpg,Cherry 2
C:\Users\prova\OneDrive\Desktop\Spring2024\ML_PNW\Cherry 2\r_121_100.jpg,Cherry 2
C:\Users\prova\OneDrive\Desktop\Spring2024\ML_PNW\Cherry 2\r_122_100.jpg,Cherry 2
C:\Users\prova\OneDrive\Desktop\Spring2024\ML_PNW\Cherry 2\r_123_100.jpg,Cherry 2
C:\Users\prova\OneDrive\Desktop\Spring2024\ML_PNW\Cherry 2\r_124_100.jpg,Cherry 2
C:\Users\prova\OneDrive\Desktop\Spring2024\ML_PNW\Cherry 2\r_125_100.jpg,Cherry 2
C:\Users\prova\OneDrive\Desktop\Spring2024\ML_PNW\Cherry 2\r_126_100.jpg,Cherry 2
C:\Users\prova\OneDrive\Desktop\Spring2024\ML_PNW\Cherry 2\r_127_100.jpg,Cherry 2
C:\Users\prova\OneDrive\Desktop\Spring2024\ML_PNW\Cherry 2\r_128_100.jpg,Cherry 2
C:\Users\prova\OneDrive\Desktop\Spring2024\ML_PNW\Cherry 2\r_129_100.jpg,Cherry 2
C:\Users\prova\OneDrive\Desktop\Spring2024\ML_PNW\Cherry 2\r_12_100.jpg,Cherry 2
C:\Users\prova\OneDrive\Desktop\Spring2024\ML_PNW\Cherry 2\r_130_100.jpg,Cherry 2
C:\Users\prova\OneDrive\Desktop\Spring2024\ML_PNW\Cherry 2\r_131_100.jpg,Cherry 2
C:\Users\prova\OneDrive\Desktop\Spring2024\ML_PNW\Cherry 2\r_132_100.jpg,Cherry 2
C:\Users\prova\OneDrive\Desktop\Spring2024\ML_PNW\Cherry 2\r_133_100.jpg,Cherry 2
C:\Users\prova\OneDrive\Desktop\Spring2024\ML_PNW\Cherry 2\r_134_100.jpg,Cherry 2
C:\Users\prova\OneDrive\Desktop\Spring2024\ML_PNW\Cherry 2\r_135_100.jpg,Cherry 2
C:\Users\prova\OneDrive\Desktop\Spring2024\ML_PNW\Cherry 2\r_136_100.jpg,Cherry 2
C:\Users\prova\OneDrive\Desktop\Spring2024\ML_PNW\Cherry 2\r_137_100.jpg,Cherry 2
C:\Users\prova\OneDrive\Desktop\Spring2024\ML_PNW\Cherry 2\r_138_100.jpg,Cherry 2
C:\Users\prova\OneDrive\Desktop\Spring2024\ML_PNW\Cherry 2\r_139_100.jpg,Cherry 2
C:\Users\prova\OneDrive\Desktop\Spring2024\ML_PNW\Cherry 2\r_13_100.jpg,Cherry 2
C:\Users\prova\OneDrive\Desktop\Spring2024\ML_PNW\Cherry 2\r_140_100.jpg,Cherry 2
C:\Users\prova\OneDrive\Desktop\Spring2024\ML_PNW\Cherry 2\r_141_100.jpg,Cherry 2
C:\Users\prova\OneDrive\Desktop\Spring2024\ML_PNW\Cherry 2\r_142_100.jpg,Cherry 2
C:\Users\prova\OneDrive\Desktop\Spring2024\ML_PNW\Cherry 2\r_143_100.jpg,Cherry 2
C:\Users\prova\OneDrive\Desktop\Spring2024\ML_PNW\Cherry 2\r_144_100.jpg,Cherry 2
C:\Users\prova\OneDrive\Desktop\Spring2024\ML_PNW\Cherry 2\r_145_100.jpg,Cherry 2
C:\Users\prova\OneDrive\Desktop\Spring2024\ML_PNW\Cherry 2\r_146_100.jpg,Cherry 2
C:\Users\prova\OneDrive\Desktop\Spring2024\ML_PNW\Cherry 2\r_147_100.jpg,Cherry 2
C:\Users\prova\OneDrive\Desktop\Spring2024\ML_PNW\Cherry 2\r_148_100.jpg,Cherry 2
C:\Users\prova\OneDrive\Desktop\Spring2024\ML_PNW\Cherry 2\r_149_100.jpg,Cherry 2
C:\Users\prova\OneDrive\Desktop\Spring2024\ML_PNW\Cherry 2\r_14_100.jpg,Cherry 2
C:\Users\prova\OneDrive\Desktop\Spring2024\ML_PNW\Cherry 2\r_150_100.jpg,Cherry 2
C:\Users\prova\OneDrive\Desktop\Spring2024\ML_PNW\Cherry 2\r_151_100.jpg,Cherry 2
C:\Users\prova\OneDrive\Desktop\Spring2024\ML_PNW\Cherry 2\r_152_100.jpg,Cherry 2
C:\Users\prova\OneDrive\Desktop\Spring2024\ML_PNW\Cherry 2\r_153_100.jpg,Cherry 2
C:\Users\prova\OneDrive\Desktop\Spring2024\ML_PNW\Cherry 2\r_154_100.jpg,Cherry 2
C:\Users\prova\OneDrive\Desktop\Spring2024\ML_PNW\Cherry 2\r_155_100.jpg,Cherry 2
C:\Users\prova\OneDrive\Desktop\Spring2024\ML_PNW\Cherry 2\r_156_100.jpg,Cherry 2
C:\Users\prova\OneDrive\Desktop\Spring2024\ML_PNW\Cherry 2\r_157_100.jpg,Cherry 2
C:\Users\prova\OneDrive\Desktop\Spring2024\ML_PNW\Cherry 2\r_158_100.jpg,Cherry 2
C:\Users\prova\OneDrive\Desktop\Spring2024\ML_PNW\Cherry 2\r_159_100.jpg,Cherry 2
C:\Users\prova\OneDrive\Desktop\Spring2024\ML_PNW\Cherry 2\r_15_100.jpg,Cherry 2
C:\Users\prova\OneDrive\Desktop\Spring2024\ML_PNW\Cherry 2\r_160_100.jpg,Cherry 2
C:\Users\prova\OneDrive\Desktop\Spring2024\ML_PNW\Cherry 2\r_161_100.jpg,Cherry 2
C:\Users\prova\OneDrive\Desktop\Spring2024\ML_PNW\Cherry 2\r_162_100.jpg,Cherry 2
C:\Users\prova\OneDrive\Desktop\Spring2024\ML_PNW\Cherry 2\r_163_100.jpg,Cherry 2
C:\Users\prova\OneDrive\Desktop\Spring2024\ML_PNW\Cherry 2\r_164_100.jpg,Cherry 2
C:\Users\prova\OneDrive\Desktop\Spring2024\ML_PNW\Cherry 2\r_165_100.jpg,Cherry 2
C:\Users\prova\OneDrive\Desktop\Spring2024\ML_PNW\Cherry 2\r_166_100.jpg,Cherry 2
C:\Users\prova\OneDrive\Desktop\Spring2024\ML_PNW\Cherry 2\r_167_100.jpg,Cherry 2
C:\Users\prova\OneDrive\Desktop\Spring2024\ML_PNW\Cherry 2\r_168_100.jpg,Cherry 2
C:\Users\prova\OneDrive\Desktop\Spring2024\ML_PNW\Cherry 2\r_169_100.jpg,Cherry 2
C:\Users\prova\OneDrive\Desktop\Spring2024\ML_PNW\Cherry 2\r_16_100.jpg,Cherry 2
C:\Users\prova\OneDrive\Desktop\Spring2024\ML_PNW\Cherry 2\r_170_100.jpg,Cherry 2
C:\Users\prova\OneDrive\Desktop\Spring2024\ML_PNW\Cherry 2\r_171_100.jpg,Cherry 2
C:\Users\prova\OneDrive\Desktop\Spring2024\ML_PNW\Cherry 2\r_172_100.jpg,Cherry 2
C:\Users\prova\OneDrive\Desktop\Spring2024\ML_PNW\Cherry 2\r_173_100.jpg,Cherry 2
C:\Users\prova\OneDrive\Desktop\Spring2024\ML_PNW\Cherry 2\r_174_100.jpg,Cherry 2
C:\Users\prova\OneDrive\Desktop\Spring2024\ML_PNW\Cherry 2\r_175_100.jpg,Cherry 2
C:\Users\prova\OneDrive\Desktop\Spring2024\ML_PNW\Cherry 2\r_176_100.jpg,Cherry 2
C:\Users\prova\OneDrive\Desktop\Spring2024\ML_PNW\Cherry 2\r_177_100.jpg,Cherry 2
C:\Users\prova\OneDrive\Desktop\Spring2024\ML_PNW\Cherry 2\r_178_100.jpg,Cherry 2
C:\Users\prova\OneDrive\Desktop\Spring2024\ML_PNW\Cherry 2\r_179_100.jpg,Cherry 2
C:\Users\prova\OneDrive\Desktop\Spring2024\ML_PNW\Cherry 2\r_17_100.jpg,Cherry 2
C:\Users\prova\OneDrive\Desktop\Spring2024\ML_PNW\Cherry 2\r_180_100.jpg,Cherry 2
C:\Users\prova\OneDrive\Desktop\Spring2024\ML_PNW\Cherry 2\r_181_100.jpg,Cherry 2
C:\Users\prova\OneDrive\Desktop\Spring2024\ML_PNW\Cherry 2\r_182_100.jpg,Cherry 2
C:\Users\prova\OneDrive\Desktop\Spring2024\ML_PNW\Cherry 2\r_183_100.jpg,Cherry 2
C:\Users\prova\OneDrive\Desktop\Spring2024\ML_PNW\Cherry 2\r_184_100.jpg,Cherry 2
C:\Users\prova\OneDrive\Desktop\Spring2024\ML_PNW\Cherry 2\r_185_100.jpg,Cherry 2
C:\Users\prova\OneDrive\Desktop\Spring2024\ML_PNW\Cherry 2\r_186_100.jpg,Cherry 2
C:\Users\prova\OneDrive\Desktop\Spring2024\ML_PNW\Cherry 2\r_187_100.jpg,Cherry 2
C:\Users\prova\OneDrive\Desktop\Spring2024\ML_PNW\Cherry 2\r_188_100.jpg,Cherry 2
C:\Users\prova\OneDrive\Desktop\Spring2024\ML_PNW\Cherry 2\r_189_100.jpg,Cherry 2
C:\Users\prova\OneDrive\Desktop\Spring2024\ML_PNW\Cherry 2\r_18_100.jpg,Cherry 2
C:\Users\prova\OneDrive\Desktop\Spring2024\ML_PNW\Cherry 2\r_190_100.jpg,Cherry 2
C:\Users\prova\OneDrive\Desktop\Spring2024\ML_PNW\Cherry 2\r_191_100.jpg,Cherry 2
C:\Users\prova\OneDrive\Desktop\Spring2024\ML_PNW\Cherry 2\r_192_100.jpg,Cherry 2
C:\Users\prova\OneDrive\Desktop\Spring2024\ML_PNW\Cherry 2\r_193_100.jpg,Cherry 2
C:\Users\prova\OneDrive\Desktop\Spring2024\ML_PNW\Cherry 2\r_194_100.jpg,Cherry 2
C:\Users\prova\OneDrive\Desktop\Spring2024\ML_PNW\Cherry 2\r_195_100.jpg,Cherry 2
C:\Users\prova\OneDrive\Desktop\Spring2024\ML_PNW\Cherry 2\r_196_100.jpg,Cherry 2
C:\Users\prova\OneDrive\Desktop\Spring2024\ML_PNW\Cherry 2\r_197_100.jpg,Cherry 2
C:\Users\prova\OneDrive\Desktop\Spring2024\ML_PNW\Cherry 2\r_198_100.jpg,Cherry 2
C:\Users\prova\OneDrive\Desktop\Spring2024\ML_PNW\Cherry 2\r_199_100.jpg,Cherry 2
C:\Users\prova\OneDrive\Desktop\Spring2024\ML_PNW\Cherry 2\r_1_100.jpg,Cherry 2
C:\Users\prova\OneDrive\Desktop\Spring2024\ML_PNW\Cherry 2\r_200_100.jpg,Cherry 2
C:\Users\prova\OneDrive\Desktop\Spring2024\ML_PNW\Cherry 2\r_201_100.jpg,Cherry 2
C:\Users\prova\OneDrive\Desktop\Spring2024\ML_PNW\Cherry 2\r_202_100.jpg,Cherry 2
C:\Users\prova\OneDrive\Desktop\Spring2024\ML_PNW\Cherry 2\r_203_100.jpg,Cherry 2
C:\Users\prova\OneDrive\Desktop\Spring2024\ML_PNW\Cherry 2\r_204_100.jpg,Cherry 2
C:\Users\prova\OneDrive\Desktop\Spring2024\ML_PNW\Cherry 2\r_205_100.jpg,Cherry 2
C:\Users\prova\OneDrive\Desktop\Spring2024\ML_PNW\Cherry 2\r_206_100.jpg,Cherry 2
C:\Users\prova\OneDrive\Desktop\Spring2024\ML_PNW\Cherry 2\r_207_100.jpg,Cherry 2
C:\Users\prova\OneDrive\Desktop\Spring2024\ML_PNW\Cherry 2\r_208_100.jpg,Cherry 2
C:\Users\prova\OneDrive\Desktop\Spring2024\ML_PNW\Cherry 2\r_209_100.jpg,Cherry 2
C:\Users\prova\OneDrive\Desktop\Spring2024\ML_PNW\Cherry 2\r_20_100.jpg,Cherry 2
C:\Users\prova\OneDrive\Desktop\Spring2024\ML_PNW\Cherry 2\r_210_100.jpg,Cherry 2
C:\Users\prova\OneDrive\Desktop\Spring2024\ML_PNW\Cherry 2\r_211_100.jpg,Cherry 2
C:\Users\prova\OneDrive\Desktop\Spring2024\ML_PNW\Cherry 2\r_212_100.jpg,Cherry 2
C:\Users\prova\OneDrive\Desktop\Spring2024\ML_PNW\Cherry 2\r_213_100.jpg,Cherry 2
C:\Users\prova\OneDrive\Desktop\Spring2024\ML_PNW\Cherry 2\r_214_100.jpg,Cherry 2
C:\Users\prova\OneDrive\Desktop\Spring2024\ML_PNW\Cherry 2\r_215_100.jpg,Cherry 2
C:\Users\prova\OneDrive\Desktop\Spring2024\ML_PNW\Cherry 2\r_216_100.jpg,Cherry 2
C:\Users\prova\OneDrive\Desktop\Spring2024\ML_PNW\Cherry 2\r_217_100.jpg,Cherry 2
C:\Users\prova\OneDrive\Desktop\Spring2024\ML_PNW\Cherry 2\r_218_100.jpg,Cherry 2
C:\Users\prova\OneDrive\Desktop\Spring2024\ML_PNW\Cherry 2\r_219_100.jpg,Cherry 2
C:\Users\prova\OneDrive\Desktop\Spring2024\ML_PNW\Cherry 2\r_21_100.jpg,Cherry 2
C:\Users\prova\OneDrive\Desktop\Spring2024\ML_PNW\Cherry 2\r_220_100.jpg,Cherry 2
C:\Users\prova\OneDrive\Desktop\Spring2024\ML_PNW\Cherry 2\r_221_100.jpg,Cherry 2
C:\Users\prova\OneDrive\Desktop\Spring2024\ML_PNW\Cherry 2\r_222_100.jpg,Cherry 2
C:\Users\prova\OneDrive\Desktop\Spring2024\ML_PNW\Cherry 2\r_223_100.jpg,Cherry 2
C:\Users\prova\OneDrive\Desktop\Spring2024\ML_PNW\Cherry 2\r_224_100.jpg,Cherry 2
C:\Users\prova\OneDrive\Desktop\Spring2024\ML_PNW\Cherry 2\r_225_100.jpg,Cherry 2
C:\Users\prova\OneDrive\Desktop\Spring2024\ML_PNW\Cherry 2\r_226_100.jpg,Cherry 2
C:\Users\prova\OneDrive\Desktop\Spring2024\ML_PNW\Cherry 2\r_227_100.jpg,Cherry 2
C:\Users\prova\OneDrive\Desktop\Spring2024\ML_PNW\Cherry 2\r_228_100.jpg,Cherry 2
C:\Users\prova\OneDrive\Desktop\Spring2024\ML_PNW\Cherry 2\r_229_100.jpg,Cherry 2
C:\Users\prova\OneDrive\Desktop\Spring2024\ML_PNW\Cherry 2\r_22_100.jpg,Cherry 2
C:\Users\prova\OneDrive\Desktop\Spring2024\ML_PNW\Cherry 2\r_230_100.jpg,Cherry 2
C:\Users\prova\OneDrive\Desktop\Spring2024\ML_PNW\Cherry 2\r_231_100.jpg,Cherry 2
C:\Users\prova\OneDrive\Desktop\Spring2024\ML_PNW\Cherry 2\r_232_100.jpg,Cherry 2
C:\Users\prova\OneDrive\Desktop\Spring2024\ML_PNW\Cherry 2\r_233_100.jpg,Cherry 2
C:\Users\prova\OneDrive\Desktop\Spring2024\ML_PNW\Cherry 2\r_234_100.jpg,Cherry 2
C:\Users\prova\OneDrive\Desktop\Spring2024\ML_PNW\Cherry 2\r_235_100.jpg,Cherry 2
C:\Users\prova\OneDrive\Desktop\Spring2024\ML_PNW\Cherry 2\r_236_100.jpg,Cherry 2
C:\Users\prova\OneDrive\Desktop\Spring2024\ML_PNW\Cherry 2\r_237_100.jpg,Cherry 2
C:\Users\prova\OneDrive\Desktop\Spring2024\ML_PNW\Cherry 2\r_238_100.jpg,Cherry 2
C:\Users\prova\OneDrive\Desktop\Spring2024\ML_PNW\Cherry 2\r_239_100.jpg,Cherry 2
C:\Users\prova\OneDrive\Desktop\Spring2024\ML_PNW\Cherry 2\r_23_100.jpg,Cherry 2
C:\Users\prova\OneDrive\Desktop\Spring2024\ML_PNW\Cherry 2\r_240_100.jpg,Cherry 2
C:\Users\prova\OneDrive\Desktop\Spring2024\ML_PNW\Cherry 2\r_241_100.jpg,Cherry 2
C:\Users\prova\OneDrive\Desktop\Spring2024\ML_PNW\Cherry 2\r_242_100.jpg,Cherry 2
C:\Users\prova\OneDrive\Desktop\Spring2024\ML_PNW\Cherry 2\r_243_100.jpg,Cherry 2
C:\Users\prova\OneDrive\Desktop\Spring2024\ML_PNW\Cherry 2\r_244_100.jpg,Cherry 2
C:\Users\prova\OneDrive\Desktop\Spring2024\ML_PNW\Cherry 2\r_245_100.jpg,Cherry 2
C:\Users\prova\OneDrive\Desktop\Spring2024\ML_PNW\Cherry 2\r_246_100.jpg,Cherry 2
C:\Users\prova\OneDrive\Desktop\Spring2024\ML_PNW\Cherry 2\r_247_100.jpg,Cherry 2
C:\Users\prova\OneDrive\Desktop\Spring2024\ML_PNW\Cherry 2\r_248_100.jpg,Cherry 2
C:\Users\prova\OneDrive\Desktop\Spring2024\ML_PNW\Cherry 2\r_249_100.jpg,Cherry 2
C:\Users\prova\OneDrive\Desktop\Spring2024\ML_PNW\Cherry 2\r_250_100.jpg,Cherry 2
C:\Users\prova\OneDrive\Desktop\Spring2024\ML_PNW\Cherry 2\r_251_100.jpg,Cherry 2
C:\Users\prova\OneDrive\Desktop\Spring2024\ML_PNW\Cherry 2\r_252_100.jpg,Cherry 2
C:\Users\prova\OneDrive\Desktop\Spring2024\ML_PNW\Cherry 2\r_253_100.jpg,Cherry 2
C:\Users\prova\OneDrive\Desktop\Spring2024\ML_PNW\Cherry 2\r_254_100.jpg,Cherry 2
C:\Users\prova\OneDrive\Desktop\Spring2024\ML_PNW\Cherry 2\r_255_100.jpg,Cherry 2
C:\Users\prova\OneDrive\Desktop\Spring2024\ML_PNW\Cherry 2\r_256_100.jpg,Cherry 2
C:\Users\prova\OneDrive\Desktop\Spring2024\ML_PNW\Cherry 2\r_257_100.jpg,Cherry 2
C:\Users\prova\OneDrive\Desktop\Spring2024\ML_PNW\Cherry 2\r_258_100.jpg,Cherry 2
C:\Users\prova\OneDrive\Desktop\Spring2024\ML_PNW\Cherry 2\r_259_100.jpg,Cherry 2
C:\Users\prova\OneDrive\Desktop\Spring2024\ML_PNW\Cherry 2\r_260_100.jpg,Cherry 2
C:\Users\prova\OneDrive\Desktop\Spring2024\ML_PNW\Cherry 2\r_261_100.jpg,Cherry 2
C:\Users\prova\OneDrive\Desktop\Spring2024\ML_PNW\Cherry 2\r_262_100.jpg,Cherry 2
C:\Users\prova\OneDrive\Desktop\Spring2024\ML_PNW\Cherry 2\r_263_100.jpg,Cherry 2
C:\Users\prova\OneDrive\Desktop\Spring2024\ML_PNW\Cherry 2\r_264_100.jpg,Cherry 2
C:\Users\prova\OneDrive\Desktop\Spring2024\ML_PNW\Cherry 2\r_265_100.jpg,Cherry 2
C:\Users\prova\OneDrive\Desktop\Spring2024\ML_PNW\Cherry 2\r_266_100.jpg,Cherry 2
C:\Users\prova\OneDrive\Desktop\Spring2024\ML_PNW\Cherry 2\r_267_100.jpg,Cherry 2
C:\Users\prova\OneDrive\Desktop\Spring2024\ML_PNW\Cherry 2\r_268_100.jpg,Cherry 2
C:\Users\prova\OneDrive\Desktop\Spring2024\ML_PNW\Cherry 2\r_269_100.jpg,Cherry 2
C:\Users\prova\OneDrive\Desktop\Spring2024\ML_PNW\Cherry 2\r_270_100.jpg,Cherry 2
C:\Users\prova\OneDrive\Desktop\Spring2024\ML_PNW\Cherry 2\r_271_100.jpg,Cherry 2
C:\Users\prova\OneDrive\Desktop\Spring2024\ML_PNW\Cherry 2\r_272_100.jpg,Cherry 2
C:\Users\prova\OneDrive\Desktop\Spring2024\ML_PNW\Cherry 2\r_273_100.jpg,Cherry 2
C:\Users\prova\OneDrive\Desktop\Spring2024\ML_PNW\Cherry 2\r_274_100.jpg,Cherry 2
C:\Users\prova\OneDrive\Desktop\Spring2024\ML_PNW\Cherry 2\r_275_100.jpg,Cherry 2
C:\Users\prova\OneDrive\Desktop\Spring2024\ML_PNW\Cherry 2\r_276_100.jpg,Cherry 2
C:\Users\prova\OneDrive\Desktop\Spring2024\ML_PNW\Cherry 2\r_277_100.jpg,Cherry 2
C:\Users\prova\OneDrive\Desktop\Spring2024\ML_PNW\Cherry 2\r_278_100.jpg,Cherry 2
C:\Users\prova\OneDrive\Desktop\Spring2024\ML_PNW\Cherry 2\r_279_100.jpg,Cherry 2
C:\Users\prova\OneDrive\Desktop\Spring2024\ML_PNW\Cherry 2\r_280_100.jpg,Cherry 2
C:\Users\prova\OneDrive\Desktop\Spring2024\ML_PNW\Cherry 2\r_281_100.jpg,Cherry 2
C:\Users\prova\OneDrive\Desktop\Spring2024\ML_PNW\Cherry 2\r_282_100.jpg,Cherry 2
C:\Users\prova\OneDrive\Desktop\Spring2024\ML_PNW\Cherry 2\r_283_100.jpg,Cherry 2
C:\Users\prova\OneDrive\Desktop\Spring2024\ML_PNW\Cherry 2\r_284_100.jpg,Cherry 2
C:\Users\prova\OneDrive\Desktop\Spring2024\ML_PNW\Cherry 2\r_285_100.jpg,Cherry 2
C:\Users\prova\OneDrive\Desktop\Spring2024\ML_PNW\Cherry 2\r_286_100.jpg,Cherry 2
C:\Users\prova\OneDrive\Desktop\Spring2024\ML_PNW\Cherry 2\r_287_100.jpg,Cherry 2
C:\Users\prova\OneDrive\Desktop\Spring2024\ML_PNW\Cherry 2\r_288_100.jpg,Cherry 2
C:\Users\prova\OneDrive\Desktop\Spring2024\ML_PNW\Cherry 2\r_289_100.jpg,Cherry 2
C:\Users\prova\OneDrive\Desktop\Spring2024\ML_PNW\Cherry 2\r_290_100.jpg,Cherry 2
C:\Users\prova\OneDrive\Desktop\Spring2024\ML_PNW\Cherry 2\r_291_100.jpg,Cherry 2
C:\Users\prova\OneDrive\Desktop\Spring2024\ML_PNW\Cherry 2\r_292_100.jpg,Cherry 2
C:\Users\prova\OneDrive\Desktop\Spring2024\ML_PNW\Cherry 2\r_293_100.jpg,Cherry 2
C:\Users\prova\OneDrive\Desktop\Spring2024\ML_PNW\Cherry 2\r_294_100.jpg,Cherry 2
C:\Users\prova\OneDrive\Desktop\Spring2024\ML_PNW\Cherry 2\r_295_100.jpg,Cherry 2
C:\Users\prova\OneDrive\Desktop\Spring2024\ML_PNW\Cherry 2\r_296_100.jpg,Cherry 2
C:\Users\prova\OneDrive\Desktop\Spring2024\ML_PNW\Cherry 2\r_297_100.jpg,Cherry 2
C:\Users\prova\OneDrive\Desktop\Spring2024\ML_PNW\Cherry 2\r_298_100.jpg,Cherry 2
C:\Users\prova\OneDrive\Desktop\Spring2024\ML_PNW\Cherry 2\r_299_100.jpg,Cherry 2
C:\Users\prova\OneDrive\Desktop\Spring2024\ML_PNW\Cherry 2\r_2_100.jpg,Cherry 2
C:\Users\prova\OneDrive\Desktop\Spring2024\ML_PNW\Cherry 2\r_300_100.jpg,Cherry 2
C:\Users\prova\OneDrive\Desktop\Spring2024\ML_PNW\Cherry 2\r_301_100.jpg,Cherry 2
C:\Users\prova\OneDrive\Desktop\Spring2024\ML_PNW\Cherry 2\r_302_100.jpg,Cherry 2
C:\Users\prova\OneDrive\Desktop\Spring2024\ML_PNW\Cherry 2\r_303_100.jpg,Cherry 2
C:\Users\prova\OneDrive\Desktop\Spring2024\ML_PNW\Cherry 2\r_304_100.jpg,Cherry 2
C:\Users\prova\OneDrive\Desktop\Spring2024\ML_PNW\Cherry 2\r_305_100.jpg,Cherry 2
C:\Users\prova\OneDrive\Desktop\Spring2024\ML_PNW\Cherry 2\r_306_100.jpg,Cherry 2
C:\Users\prova\OneDrive\Desktop\Spring2024\ML_PNW\Cherry 2\r_307_100.jpg,Cherry 2
C:\Users\prova\OneDrive\Desktop\Spring2024\ML_PNW\Cherry 2\r_308_100.jpg,Cherry 2
C:\Users\prova\OneDrive\Desktop\Spring2024\ML_PNW\Cherry 2\r_309_100.jpg,Cherry 2
C:\Users\prova\OneDrive\Desktop\Spring2024\ML_PNW\Cherry 2\r_30_100.jpg,Cherry 2
C:\Users\prova\OneDrive\Desktop\Spring2024\ML_PNW\Cherry 2\r_310_100.jpg,Cherry 2
C:\Users\prova\OneDrive\Desktop\Spring2024\ML_PNW\Cherry 2\r_311_100.jpg,Cherry 2
C:\Users\prova\OneDrive\Desktop\Spring2024\ML_PNW\Cherry 2\r_312_100.jpg,Cherry 2
C:\Users\prova\OneDrive\Desktop\Spring2024\ML_PNW\Cherry 2\r_313_100.jpg,Cherry 2
C:\Users\prova\OneDrive\Desktop\Spring2024\ML_PNW\Cherry 2\r_314_100.jpg,Cherry 2
C:\Users\prova\OneDrive\Desktop\Spring2024\ML_PNW\Cherry 2\r_315_100.jpg,Cherry 2
C:\Users\prova\OneDrive\Desktop\Spring2024\ML_PNW\Cherry 2\r_316_100.jpg,Cherry 2
C:\Users\prova\OneDrive\Desktop\Spring2024\ML_PNW\Cherry 2\r_317_100.jpg,Cherry 2
C:\Users\prova\OneDrive\Desktop\Spring2024\ML_PNW\Cherry 2\r_318_100.jpg,Cherry 2
C:\Users\prova\OneDrive\Desktop\Spring2024\ML_PNW\Cherry 2\r_319_100.jpg,Cherry 2
C:\Users\prova\OneDrive\Desktop\Spring2024\ML_PNW\Cherry 2\r_320_100.jpg,Cherry 2
C:\Users\prova\OneDrive\Desktop\Spring2024\ML_PNW\Cherry 2\r_321_100.jpg,Cherry 2
C:\Users\prova\OneDrive\Desktop\Spring2024\ML_PNW\Cherry 2\r_322_100.jpg,Cherry 2
C:\Users\prova\OneDrive\Desktop\Spring2024\ML_PNW\Cherry 2\r_323_100.jpg,Cherry 2
C:\Users\prova\OneDrive\Desktop\Spring2024\ML_PNW\Cherry 2\r_324_100.jpg,Cherry 2
C:\Users\prova\OneDrive\Desktop\Spring2024\ML_PNW\Cherry 2\r_325_100.jpg,Cherry 2
C:\Users\prova\OneDrive\Desktop\Spring2024\ML_PNW\Cherry 2\r_326_100.jpg,Cherry 2
C:\Users\prova\OneDrive\Desktop\Spring2024\ML_PNW\Cherry 2\r_327_100.jpg,Cherry 2
C:\Users\prova\OneDrive\Desktop\Spring2024\ML_PNW\Cherry 2\r_3_100.jpg,Cherry 2
C:\Users\prova\OneDrive\Desktop\Spring2024\ML_PNW\Cherry 2\r_4_100.jpg,Cherry 2
C:\Users\prova\OneDrive\Desktop\Spring2024\ML_PNW\Cherry 2\r_5_100.jpg,Cherry 2
C:\Users\prova\OneDrive\Desktop\Spring2024\ML_PNW\Cherry 2\r_6_100.jpg,Cherry 2
C:\Users\prova\OneDrive\Desktop\Spring2024\ML_PNW\Cherry 2\r_70_100.jpg,Cherry 2
C:\Users\prova\OneDrive\Desktop\Spring2024\ML_PNW\Cherry 2\r_74_100.jpg,Cherry 2
C:\Users\prova\OneDrive\Desktop\Spring2024\ML_PNW\Cherry 2\r_76_100.jpg,Cherry 2
C:\Users\prova\OneDrive\Desktop\Spring2024\ML_PNW\Cherry 2\r_77_100.jpg,Cherry 2
C:\Users\prova\OneDrive\Desktop\Spring2024\ML_PNW\Cherry 2\r_78_100.jpg,Cherry 2
C:\Users\prova\OneDrive\Desktop\Spring2024\ML_PNW\Cherry 2\r_79_100.jpg,Cherry 2
C:\Users\prova\OneDrive\Desktop\Spring2024\ML_PNW\Cherry 2\r_7_100.jpg,Cherry 2
C:\Users\prova\OneDrive\Desktop\Spring2024\ML_PNW\Cherry 2\r_80_100.jpg,Cherry 2
C:\Users\prova\OneDrive\Desktop\Spring2024\ML_PNW\Cherry 2\r_81_100.jpg,Cherry 2
C:\Users\prova\OneDrive\Desktop\Spring2024\ML_PNW\Cherry 2\r_82_100.jpg,Cherry 2
C:\Users\prova\OneDrive\Desktop\Spring2024\ML_PNW\Cherry 2\r_83_100.jpg,Cherry 2
C:\Users\prova\OneDrive\Desktop\Spring2024\ML_PNW\Cherry 2\r_85_100.jpg,Cherry 2
C:\Users\prova\OneDrive\Desktop\Spring2024\ML_PNW\Cherry 2\r_86_100.jpg,Cherry 2
C:\Users\prova\OneDrive\Desktop\Spring2024\ML_PNW\Cherry 2\r_8_100.jpg,Cherry 2
C:\Users\prova\OneDrive\Desktop\Spring2024\ML_PNW\Cherry 2\r_99_100.jpg,Cherry 2
C:\Users\prova\OneDrive\Desktop\Spring2024\ML_PNW\Cherry 2\r_9_100.jpg,Cherry 2
